
SET IDENTITY_INSERT ProteinOption ON

INSERT INTO ProteinOption(Id, Name, Description, IsVegetarian) VALUES(1, 'Beef', null, 0)
INSERT INTO ProteinOption(Id, Name, Description, IsVegetarian) VALUES(2, 'Cheese', null, 1)
INSERT INTO ProteinOption(Id, Name, Description, IsVegetarian) VALUES(3, 'Chicken', null, 0)
INSERT INTO ProteinOption(Id, Name, Description, IsVegetarian) VALUES(4, 'Fish', null, 0)
INSERT INTO ProteinOption(Id, Name, Description, IsVegetarian) VALUES(5, 'Lamb', null, 0)
INSERT INTO ProteinOption(Id, Name, Description, IsVegetarian) VALUES(6, 'Pork', null, 0)
INSERT INTO ProteinOption(Id, Name, Description, IsVegetarian) VALUES(7, 'Sausage', null, 0)
INSERT INTO ProteinOption(Id, Name, Description, IsVegetarian) VALUES(8, 'Tofu', null, 1)
INSERT INTO ProteinOption(Id, Name, Description, IsVegetarian) VALUES(9, 'Fince', null, 1)
INSERT INTO ProteinOption(Id, Name, Description, IsVegetarian) VALUES(10, 'Ficken', null, 1)
INSERT INTO ProteinOption(Id, Name, Description, IsVegetarian) VALUES(11, 'Fausage', null, 1)
INSERT INTO ProteinOption(Id, Name, Description, IsVegetarian) VALUES(12, 'Eggs', null, 1)
INSERT INTO ProteinOption(Id, Name, Description, IsVegetarian) VALUES(13, 'Pulses', null, 1)
INSERT INTO ProteinOption(Id, Name, Description, IsVegetarian) VALUES(13, 'None', null, 1)

SET IDENTITY_INSERT ProteinOption OFF


-- setup carb options
SET IDENTITY_INSERT CarbohydrateOption ON

INSERT INTO CarbohydrateOption(Id, Name, Description, IsLowCarbOption) VALUES(1, 'Bread', null, 0)
INSERT INTO CarbohydrateOption(Id, Name, Description, IsLowCarbOption) VALUES(2, 'Couscous', null, 0)
INSERT INTO CarbohydrateOption(Id, Name, Description, IsLowCarbOption) VALUES(3, 'Noodles', null, 0)
INSERT INTO CarbohydrateOption(Id, Name, Description, IsLowCarbOption) VALUES(4, 'Pasta', null, 0)
INSERT INTO CarbohydrateOption(Id, Name, Description, IsLowCarbOption) VALUES(5, 'Flour', null, 0)
INSERT INTO CarbohydrateOption(Id, Name, Description, IsLowCarbOption) VALUES(6, 'Potato', null, 0)
INSERT INTO CarbohydrateOption(Id, Name, Description, IsLowCarbOption) VALUES(7, 'Sweet Potato', null, 0)
INSERT INTO CarbohydrateOption(Id, Name, Description, IsLowCarbOption) VALUES(8, 'Rice', null, 0)
INSERT INTO CarbohydrateOption(Id, Name, Description, IsLowCarbOption) VALUES(9, 'Taco', null, 0)
INSERT INTO CarbohydrateOption(Id, Name, Description, IsLowCarbOption) VALUES(10, 'Cauli-rice', null, 1)
INSERT INTO CarbohydrateOption(Id, Name, Description, IsLowCarbOption) VALUES(11, 'Courgetti', null, 1)
INSERT INTO CarbohydrateOption(Id, Name, Description, IsLowCarbOption) VALUES(12, 'Boodles', null, 1)
INSERT INTO CarbohydrateOption(Id, Name, Description, IsLowCarbOption) VALUES(13, 'None', null, 1)

SET IDENTITY_INSERT CarbohydrateOption OFF


-- setup cuisines
SET IDENTITY_INSERT Cuisine ON

INSERT INTO Cuisine(Id, Name, Description) VALUES(1, 'British', null)
INSERT INTO Cuisine(Id, Name, Description) VALUES(2, 'Chinese', null)
INSERT INTO Cuisine(Id, Name, Description) VALUES(3, 'French', null)
INSERT INTO Cuisine(Id, Name, Description) VALUES(4, 'Greek', null)
INSERT INTO Cuisine(Id, Name, Description) VALUES(5, 'Indian', null)
INSERT INTO Cuisine(Id, Name, Description) VALUES(6, 'Indonesian', null)
INSERT INTO Cuisine(Id, Name, Description) VALUES(7, 'Italian', null)
INSERT INTO Cuisine(Id, Name, Description) VALUES(8, 'Mexican', null)
INSERT INTO Cuisine(Id, Name, Description) VALUES(9, 'Moroccan', null)
INSERT INTO Cuisine(Id, Name, Description) VALUES(10, 'Pursian', null)
INSERT INTO Cuisine(Id, Name, Description) VALUES(11, 'Spanish', null)
INSERT INTO Cuisine(Id, Name, Description) VALUES(12, 'Thai', null)

SET IDENTITY_INSERT Cuisine OFF



-- setup prep times
SET IDENTITY_INSERT PreperationTime ON

INSERT INTO PreperationTime(Id, Name, Description) VALUES(1, 'Quick', '~ 30 mins')
INSERT INTO PreperationTime(Id, Name, Description) VALUES(2, 'Medium', 'up to 60 mins')
INSERT INTO PreperationTime(Id, Name, Description) VALUES(3, 'Long', 'over 60 mins')

SET IDENTITY_INSERT PreperationTime OFF



-- setup meals
SET IDENTITY_INSERT Meal ON

-- british meals
INSERT INTO Meal(Id, Name, Description, CuisineId, PreperationTimeId) VALUES(1, 'Quiche & Salad', null, 1,	1)
INSERT INTO Meal(Id, Name, Description, CuisineId, PreperationTimeId) VALUES(2, 'Spiced Veggie Cottage Pie', null, 1,	3)
INSERT INTO Meal(Id, Name, Description, CuisineId, PreperationTimeId) VALUES(3, 'Veggie Cottage Pie', null, 1,	3)
INSERT INTO Meal(Id, Name, Description, CuisineId, PreperationTimeId) VALUES(4, 'Traditional Cottage Pie', null, 1,	3)
INSERT INTO Meal(Id, Name, Description, CuisineId, PreperationTimeId) VALUES(5, 'Toad in the Hole', null, 1, 2)
INSERT INTO Meal(Id, Name, Description, CuisineId, PreperationTimeId) VALUES(6, 'Veggie Toad in the Hole', null, 1, 2)
INSERT INTO Meal(Id, Name, Description, CuisineId, PreperationTimeId) VALUES(7, 'Chicken Pie', null, 1,	3)
INSERT INTO Meal(Id, Name, Description, CuisineId, PreperationTimeId) VALUES(8, 'Veggie Chicken Pie', null, 1,	3)
INSERT INTO Meal(Id, Name, Description, CuisineId, PreperationTimeId) VALUES(9, 'Chicken Cobbler', null, 1,	3)
INSERT INTO Meal(Id, Name, Description, CuisineId, PreperationTimeId) VALUES(10, 'Veggie Chicken Cobbler', null, 1,	3)
INSERT INTO Meal(Id, Name, Description, CuisineId, PreperationTimeId) VALUES(11, 'Sausage & Mash', null, 1, 1)
INSERT INTO Meal(Id, Name, Description, CuisineId, PreperationTimeId) VALUES(12, 'Veggie Sausage & Mash', null, 1, 1)
INSERT INTO Meal(Id, Name, Description, CuisineId, PreperationTimeId) VALUES(13, 'Mince Beef Pie', null, 1, 3)
INSERT INTO Meal(Id, Name, Description, CuisineId, PreperationTimeId) VALUES(14, 'Veggie Mince Pie', null, 1, 3)
INSERT INTO Meal(Id, Name, Description, CuisineId, PreperationTimeId) VALUES(15, 'Fish & Chips', null, 1, 2)
INSERT INTO Meal(Id, Name, Description, CuisineId, PreperationTimeId) VALUES(16, 'Chicken Nugets & Chips', null, 1, 2)
INSERT INTO Meal(Id, Name, Description, CuisineId, PreperationTimeId) VALUES(17, 'Quorn Nugets & Chips', null, 1, 2)

INSERT INTO MealProteinOption(MealId, ProteinOptionId) VALUES(1, 12)
INSERT INTO MealProteinOption(MealId, ProteinOptionId) VALUES(1, 2)
INSERT INTO MealProteinOption(MealId, ProteinOptionId) VALUES(2, 9)
INSERT INTO MealProteinOption(MealId, ProteinOptionId) VALUES(2, 13)
INSERT INTO MealProteinOption(MealId, ProteinOptionId) VALUES(3, 9)
INSERT INTO MealProteinOption(MealId, ProteinOptionId) VALUES(3, 13)
INSERT INTO MealProteinOption(MealId, ProteinOptionId) VALUES(4, 1)
INSERT INTO MealProteinOption(MealId, ProteinOptionId) VALUES(5, 7)
INSERT INTO MealProteinOption(MealId, ProteinOptionId) VALUES(6, 11)
INSERT INTO MealProteinOption(MealId, ProteinOptionId) VALUES(7, 3)
INSERT INTO MealProteinOption(MealId, ProteinOptionId) VALUES(8, 10)
INSERT INTO MealProteinOption(MealId, ProteinOptionId) VALUES(9, 3)
INSERT INTO MealProteinOption(MealId, ProteinOptionId) VALUES(10, 10)
INSERT INTO MealProteinOption(MealId, ProteinOptionId) VALUES(11, 7)
INSERT INTO MealProteinOption(MealId, ProteinOptionId) VALUES(12, 11)
INSERT INTO MealProteinOption(MealId, ProteinOptionId) VALUES(13, 1)
INSERT INTO MealProteinOption(MealId, ProteinOptionId) VALUES(14, 9)
INSERT INTO MealProteinOption(MealId, ProteinOptionId) VALUES(15, 4)
INSERT INTO MealProteinOption(MealId, ProteinOptionId) VALUES(16, 3)
INSERT INTO MealProteinOption(MealId, ProteinOptionId) VALUES(17, 10)

INSERT INTO MealCarbohydrateOption(MealId, CarbohydrateOptionId) VALUES(1, 5)
INSERT INTO MealCarbohydrateOption(MealId, CarbohydrateOptionId) VALUES(2, 6)
INSERT INTO MealCarbohydrateOption(MealId, CarbohydrateOptionId) VALUES(3, 6)
INSERT INTO MealCarbohydrateOption(MealId, CarbohydrateOptionId) VALUES(4, 6)
INSERT INTO MealCarbohydrateOption(MealId, CarbohydrateOptionId) VALUES(5, 5)
INSERT INTO MealCarbohydrateOption(MealId, CarbohydrateOptionId) VALUES(5, 6)
INSERT INTO MealCarbohydrateOption(MealId, CarbohydrateOptionId) VALUES(6, 5)
INSERT INTO MealCarbohydrateOption(MealId, CarbohydrateOptionId) VALUES(6, 6)
INSERT INTO MealCarbohydrateOption(MealId, CarbohydrateOptionId) VALUES(7, 5)
INSERT INTO MealCarbohydrateOption(MealId, CarbohydrateOptionId) VALUES(7, 6)
INSERT INTO MealCarbohydrateOption(MealId, CarbohydrateOptionId) VALUES(8, 5)
INSERT INTO MealCarbohydrateOption(MealId, CarbohydrateOptionId) VALUES(8, 6)
INSERT INTO MealCarbohydrateOption(MealId, CarbohydrateOptionId) VALUES(9, 5)
INSERT INTO MealCarbohydrateOption(MealId, CarbohydrateOptionId) VALUES(9, 6)
INSERT INTO MealCarbohydrateOption(MealId, CarbohydrateOptionId) VALUES(10, 5)
INSERT INTO MealCarbohydrateOption(MealId, CarbohydrateOptionId) VALUES(10, 6)
INSERT INTO MealCarbohydrateOption(MealId, CarbohydrateOptionId) VALUES(11, 6)
INSERT INTO MealCarbohydrateOption(MealId, CarbohydrateOptionId) VALUES(12, 6)
INSERT INTO MealCarbohydrateOption(MealId, CarbohydrateOptionId) VALUES(13, 5)
INSERT INTO MealCarbohydrateOption(MealId, CarbohydrateOptionId) VALUES(13, 6)
INSERT INTO MealCarbohydrateOption(MealId, CarbohydrateOptionId) VALUES(14, 5)
INSERT INTO MealCarbohydrateOption(MealId, CarbohydrateOptionId) VALUES(14, 6)
INSERT INTO MealCarbohydrateOption(MealId, CarbohydrateOptionId) VALUES(15, 6)
INSERT INTO MealCarbohydrateOption(MealId, CarbohydrateOptionId) VALUES(16, 6)
INSERT INTO MealCarbohydrateOption(MealId, CarbohydrateOptionId) VALUES(17, 6)


-- chinese meals
INSERT INTO Meal(Id, Name, Description, CuisineId, PreperationTimeId) VALUES(101, 'Tofu in Black Bean Sauce', null, 2, 2)
INSERT INTO Meal(Id, Name, Description, CuisineId, PreperationTimeId) VALUES(102, 'Chicken in Black Bean Sauce', null, 2, 2)
INSERT INTO Meal(Id, Name, Description, CuisineId, PreperationTimeId) VALUES(103, 'Beef in Black Bean Sauce', null, 2, 2)
INSERT INTO Meal(Id, Name, Description, CuisineId, PreperationTimeId) VALUES(104, 'Tofu in Sweet and Sour Sauce', null, 2, 2)
INSERT INTO Meal(Id, Name, Description, CuisineId, PreperationTimeId) VALUES(105, 'Chicken in Sweet and Sour Sauce', null, 2, 2)
INSERT INTO Meal(Id, Name, Description, CuisineId, PreperationTimeId) VALUES(106, 'Beef in Sweet and Sour Sauce', null, 2, 2)
INSERT INTO Meal(Id, Name, Description, CuisineId, PreperationTimeId) VALUES(107, 'Tofu Fried Rice', null, 2, 1)
INSERT INTO Meal(Id, Name, Description, CuisineId, PreperationTimeId) VALUES(108, 'Prawn Fried Rice', null, 2, 1)
INSERT INTO Meal(Id, Name, Description, CuisineId, PreperationTimeId) VALUES(109, 'Chicken Fried Rice', null, 2, 1)
INSERT INTO Meal(Id, Name, Description, CuisineId, PreperationTimeId) VALUES(110, 'Egg Fried Rice', null, 2, 1)

INSERT INTO MealProteinOption(MealId, ProteinOptionId) VALUES(101, 8)
INSERT INTO MealProteinOption(MealId, ProteinOptionId) VALUES(102, 3)
INSERT INTO MealProteinOption(MealId, ProteinOptionId) VALUES(103, 1)
INSERT INTO MealProteinOption(MealId, ProteinOptionId) VALUES(104, 8)
INSERT INTO MealProteinOption(MealId, ProteinOptionId) VALUES(105, 3)
INSERT INTO MealProteinOption(MealId, ProteinOptionId) VALUES(106, 1)
INSERT INTO MealProteinOption(MealId, ProteinOptionId) VALUES(107, 8)
INSERT INTO MealProteinOption(MealId, ProteinOptionId) VALUES(108, 4)
INSERT INTO MealProteinOption(MealId, ProteinOptionId) VALUES(109, 3)
INSERT INTO MealProteinOption(MealId, ProteinOptionId) VALUES(110, 12)

INSERT INTO MealCarbohydrateOption(MealId, CarbohydrateOptionId) VALUES(101, 8)
INSERT INTO MealCarbohydrateOption(MealId, CarbohydrateOptionId) VALUES(101, 3)
INSERT INTO MealCarbohydrateOption(MealId, CarbohydrateOptionId) VALUES(101, 12)
INSERT INTO MealCarbohydrateOption(MealId, CarbohydrateOptionId) VALUES(102, 8)
INSERT INTO MealCarbohydrateOption(MealId, CarbohydrateOptionId) VALUES(102, 3)
INSERT INTO MealCarbohydrateOption(MealId, CarbohydrateOptionId) VALUES(102, 12)
INSERT INTO MealCarbohydrateOption(MealId, CarbohydrateOptionId) VALUES(103, 8)
INSERT INTO MealCarbohydrateOption(MealId, CarbohydrateOptionId) VALUES(103, 3)
INSERT INTO MealCarbohydrateOption(MealId, CarbohydrateOptionId) VALUES(103, 12)
INSERT INTO MealCarbohydrateOption(MealId, CarbohydrateOptionId) VALUES(104, 8)
INSERT INTO MealCarbohydrateOption(MealId, CarbohydrateOptionId) VALUES(104, 3)
INSERT INTO MealCarbohydrateOption(MealId, CarbohydrateOptionId) VALUES(104, 12)
INSERT INTO MealCarbohydrateOption(MealId, CarbohydrateOptionId) VALUES(105, 8)
INSERT INTO MealCarbohydrateOption(MealId, CarbohydrateOptionId) VALUES(105, 3)
INSERT INTO MealCarbohydrateOption(MealId, CarbohydrateOptionId) VALUES(105, 12)
INSERT INTO MealCarbohydrateOption(MealId, CarbohydrateOptionId) VALUES(106, 8)
INSERT INTO MealCarbohydrateOption(MealId, CarbohydrateOptionId) VALUES(106, 3)
INSERT INTO MealCarbohydrateOption(MealId, CarbohydrateOptionId) VALUES(106, 12)
INSERT INTO MealCarbohydrateOption(MealId, CarbohydrateOptionId) VALUES(107, 8)
INSERT INTO MealCarbohydrateOption(MealId, CarbohydrateOptionId) VALUES(108, 8)
INSERT INTO MealCarbohydrateOption(MealId, CarbohydrateOptionId) VALUES(109, 8)
INSERT INTO MealCarbohydrateOption(MealId, CarbohydrateOptionId) VALUES(110, 8)

-- french meals
INSERT INTO Meal(Id, Name, Description, CuisineId, PreperationTimeId) VALUES(201, 'Chicken in White Wine Sauce', null, 3, 2)
INSERT INTO Meal(Id, Name, Description, CuisineId, PreperationTimeId) VALUES(202, 'Ficken in White Wine Sauce', null, 3, 2)
INSERT INTO Meal(Id, Name, Description, CuisineId, PreperationTimeId) VALUES(203, 'Beef Caserole', null, 3, 3)
INSERT INTO Meal(Id, Name, Description, CuisineId, PreperationTimeId) VALUES(204, 'Ratatouille', null, 3, 2)


INSERT INTO MealProteinOption(MealId, ProteinOptionId) VALUES(201, 3)
INSERT INTO MealProteinOption(MealId, ProteinOptionId) VALUES(202, 10)
INSERT INTO MealProteinOption(MealId, ProteinOptionId) VALUES(203, 1)
INSERT INTO MealProteinOption(MealId, ProteinOptionId) VALUES(204, 14)

INSERT INTO MealCarbohydrateOption(MealId, CarbohydrateOptionId) VALUES(201, 4)
INSERT INTO MealCarbohydrateOption(MealId, CarbohydrateOptionId) VALUES(202, 4)
INSERT INTO MealCarbohydrateOption(MealId, CarbohydrateOptionId) VALUES(203, 6)
INSERT INTO MealCarbohydrateOption(MealId, CarbohydrateOptionId) VALUES(203, 4)
INSERT INTO MealCarbohydrateOption(MealId, CarbohydrateOptionId) VALUES(204, 6)
INSERT INTO MealCarbohydrateOption(MealId, CarbohydrateOptionId) VALUES(204, 4)
INSERT INTO MealCarbohydrateOption(MealId, CarbohydrateOptionId) VALUES(204, 13)

-- greek meals
INSERT INTO Meal(Id, Name, Description, CuisineId, PreperationTimeId) VALUES(301, 'Mousakka', null, 4, 3)
INSERT INTO Meal(Id, Name, Description, CuisineId, PreperationTimeId) VALUES(302, 'Kofta Wraps', null, 4, 2)
INSERT INTO Meal(Id, Name, Description, CuisineId, PreperationTimeId) VALUES(303, 'Veggie Kofta Wraps', null, 4, 2)
INSERT INTO Meal(Id, Name, Description, CuisineId, PreperationTimeId) VALUES(304, 'Chicken Gyro Wraps', null, 4, 2)
INSERT INTO Meal(Id, Name, Description, CuisineId, PreperationTimeId) VALUES(305, 'Veggie Gyro Wraps', null, 4, 2)
INSERT INTO Meal(Id, Name, Description, CuisineId, PreperationTimeId) VALUES(306, 'Mezze Night', null, 4, 3)


INSERT INTO MealProteinOption(MealId, ProteinOptionId) VALUES(301, 9)
INSERT INTO MealProteinOption(MealId, ProteinOptionId) VALUES(302, 5)
INSERT INTO MealProteinOption(MealId, ProteinOptionId) VALUES(303, 13)
INSERT INTO MealProteinOption(MealId, ProteinOptionId) VALUES(304, 3)
INSERT INTO MealProteinOption(MealId, ProteinOptionId) VALUES(305, 10)
INSERT INTO MealProteinOption(MealId, ProteinOptionId) VALUES(306, 3)
INSERT INTO MealProteinOption(MealId, ProteinOptionId) VALUES(306, 4)
INSERT INTO MealProteinOption(MealId, ProteinOptionId) VALUES(306, 5)
INSERT INTO MealProteinOption(MealId, ProteinOptionId) VALUES(306, 10)
INSERT INTO MealProteinOption(MealId, ProteinOptionId) VALUES(306, 13)

INSERT INTO MealCarbohydrateOption(MealId, CarbohydrateOptionId) VALUES(301, 6)
INSERT INTO MealCarbohydrateOption(MealId, CarbohydrateOptionId) VALUES(302, 1)
INSERT INTO MealCarbohydrateOption(MealId, CarbohydrateOptionId) VALUES(303, 1)
INSERT INTO MealCarbohydrateOption(MealId, CarbohydrateOptionId) VALUES(304, 1)
INSERT INTO MealCarbohydrateOption(MealId, CarbohydrateOptionId) VALUES(305, 1)
INSERT INTO MealCarbohydrateOption(MealId, CarbohydrateOptionId) VALUES(306, 1)
INSERT INTO MealCarbohydrateOption(MealId, CarbohydrateOptionId) VALUES(306, 6)
INSERT INTO MealCarbohydrateOption(MealId, CarbohydrateOptionId) VALUES(306, 7)
INSERT INTO MealCarbohydrateOption(MealId, CarbohydrateOptionId) VALUES(306, 2)


-- indian meals
INSERT INTO Meal(Id, Name, Description, CuisineId, PreperationTimeId) VALUES(401, 'Chickpea Koftas', null, 5, 3)
INSERT INTO Meal(Id, Name, Description, CuisineId, PreperationTimeId) VALUES(402, 'Chickpea & Spinach Curry', null, 5, 2)
INSERT INTO Meal(Id, Name, Description, CuisineId, PreperationTimeId) VALUES(403, 'Paneer Curry', null, 5, 2)
INSERT INTO Meal(Id, Name, Description, CuisineId, PreperationTimeId) VALUES(404, 'Chicken Tikka Masala', null, 5, 2)
INSERT INTO Meal(Id, Name, Description, CuisineId, PreperationTimeId) VALUES(405, 'Quorn Tikka Masala', null, 5, 2)
INSERT INTO Meal(Id, Name, Description, CuisineId, PreperationTimeId) VALUES(406, 'Chicken Chettinand', null, 5, 2)
INSERT INTO Meal(Id, Name, Description, CuisineId, PreperationTimeId) VALUES(407, 'Quorn Chettinand', null, 5, 2)
INSERT INTO Meal(Id, Name, Description, CuisineId, PreperationTimeId) VALUES(408, 'Goan Fish Curry', null, 5, 2)
INSERT INTO Meal(Id, Name, Description, CuisineId, PreperationTimeId) VALUES(409, 'Mogul Chicken Curry', null, 5, 2)
INSERT INTO Meal(Id, Name, Description, CuisineId, PreperationTimeId) VALUES(410, 'Mogul Quorn Curry', null, 5, 2)
INSERT INTO Meal(Id, Name, Description, CuisineId, PreperationTimeId) VALUES(411, 'Roasted Cauliflower and Dal', null, 5, 2)
INSERT INTO Meal(Id, Name, Description, CuisineId, PreperationTimeId) VALUES(412, 'Sag Aloo', null, 5, 2)
INSERT INTO Meal(Id, Name, Description, CuisineId, PreperationTimeId) VALUES(413, 'Prawn Curry', null, 5, 2)
INSERT INTO Meal(Id, Name, Description, CuisineId, PreperationTimeId) VALUES(414, 'Indian Curry Night', null, 5, 3)
INSERT INTO Meal(Id, Name, Description, CuisineId, PreperationTimeId) VALUES(415, 'Homestyle Lamb Curry', null, 5, 3)


INSERT INTO MealProteinOption(MealId, ProteinOptionId) VALUES(401, 13)
INSERT INTO MealProteinOption(MealId, ProteinOptionId) VALUES(402, 13)
INSERT INTO MealProteinOption(MealId, ProteinOptionId) VALUES(403, 2)
INSERT INTO MealProteinOption(MealId, ProteinOptionId) VALUES(404, 3)
INSERT INTO MealProteinOption(MealId, ProteinOptionId) VALUES(405, 10)
INSERT INTO MealProteinOption(MealId, ProteinOptionId) VALUES(406, 3)
INSERT INTO MealProteinOption(MealId, ProteinOptionId) VALUES(407, 10)
INSERT INTO MealProteinOption(MealId, ProteinOptionId) VALUES(408, 4)
INSERT INTO MealProteinOption(MealId, ProteinOptionId) VALUES(409, 3)
INSERT INTO MealProteinOption(MealId, ProteinOptionId) VALUES(410, 10)
INSERT INTO MealProteinOption(MealId, ProteinOptionId) VALUES(411, 13)
INSERT INTO MealProteinOption(MealId, ProteinOptionId) VALUES(412, 14)
INSERT INTO MealProteinOption(MealId, ProteinOptionId) VALUES(413, 4)
INSERT INTO MealProteinOption(MealId, ProteinOptionId) VALUES(414, 3)
INSERT INTO MealProteinOption(MealId, ProteinOptionId) VALUES(414, 4)
INSERT INTO MealProteinOption(MealId, ProteinOptionId) VALUES(414, 5)
INSERT INTO MealProteinOption(MealId, ProteinOptionId) VALUES(414, 10)
INSERT INTO MealProteinOption(MealId, ProteinOptionId) VALUES(414, 13)
INSERT INTO MealProteinOption(MealId, ProteinOptionId) VALUES(415, 5)

INSERT INTO MealCarbohydrateOption(MealId, CarbohydrateOptionId) VALUES(401, 7)
INSERT INTO MealCarbohydrateOption(MealId, CarbohydrateOptionId) VALUES(402, 8)
INSERT INTO MealCarbohydrateOption(MealId, CarbohydrateOptionId) VALUES(402, 1)
INSERT INTO MealCarbohydrateOption(MealId, CarbohydrateOptionId) VALUES(402, 10)
INSERT INTO MealCarbohydrateOption(MealId, CarbohydrateOptionId) VALUES(403, 8)
INSERT INTO MealCarbohydrateOption(MealId, CarbohydrateOptionId) VALUES(403, 1)
INSERT INTO MealCarbohydrateOption(MealId, CarbohydrateOptionId) VALUES(403, 10)
INSERT INTO MealCarbohydrateOption(MealId, CarbohydrateOptionId) VALUES(404, 8)
INSERT INTO MealCarbohydrateOption(MealId, CarbohydrateOptionId) VALUES(404, 1)
INSERT INTO MealCarbohydrateOption(MealId, CarbohydrateOptionId) VALUES(404, 10)
INSERT INTO MealCarbohydrateOption(MealId, CarbohydrateOptionId) VALUES(405, 8)
INSERT INTO MealCarbohydrateOption(MealId, CarbohydrateOptionId) VALUES(405, 1)
INSERT INTO MealCarbohydrateOption(MealId, CarbohydrateOptionId) VALUES(405, 10)
INSERT INTO MealCarbohydrateOption(MealId, CarbohydrateOptionId) VALUES(406, 8)
INSERT INTO MealCarbohydrateOption(MealId, CarbohydrateOptionId) VALUES(406, 1)
INSERT INTO MealCarbohydrateOption(MealId, CarbohydrateOptionId) VALUES(406, 10)
INSERT INTO MealCarbohydrateOption(MealId, CarbohydrateOptionId) VALUES(407, 8)
INSERT INTO MealCarbohydrateOption(MealId, CarbohydrateOptionId) VALUES(407, 1)
INSERT INTO MealCarbohydrateOption(MealId, CarbohydrateOptionId) VALUES(407, 10)
INSERT INTO MealCarbohydrateOption(MealId, CarbohydrateOptionId) VALUES(408, 8)
INSERT INTO MealCarbohydrateOption(MealId, CarbohydrateOptionId) VALUES(408, 1)
INSERT INTO MealCarbohydrateOption(MealId, CarbohydrateOptionId) VALUES(408, 10)
INSERT INTO MealCarbohydrateOption(MealId, CarbohydrateOptionId) VALUES(409, 8)
INSERT INTO MealCarbohydrateOption(MealId, CarbohydrateOptionId) VALUES(409, 1)
INSERT INTO MealCarbohydrateOption(MealId, CarbohydrateOptionId) VALUES(409, 10)
INSERT INTO MealCarbohydrateOption(MealId, CarbohydrateOptionId) VALUES(410, 8)
INSERT INTO MealCarbohydrateOption(MealId, CarbohydrateOptionId) VALUES(410, 1)
INSERT INTO MealCarbohydrateOption(MealId, CarbohydrateOptionId) VALUES(410, 10)
INSERT INTO MealCarbohydrateOption(MealId, CarbohydrateOptionId) VALUES(411, 13)
INSERT INTO MealCarbohydrateOption(MealId, CarbohydrateOptionId) VALUES(412, 8)
INSERT INTO MealCarbohydrateOption(MealId, CarbohydrateOptionId) VALUES(412, 6)
INSERT INTO MealCarbohydrateOption(MealId, CarbohydrateOptionId) VALUES(412, 1)
INSERT INTO MealCarbohydrateOption(MealId, CarbohydrateOptionId) VALUES(412, 10)
INSERT INTO MealCarbohydrateOption(MealId, CarbohydrateOptionId) VALUES(413, 6)
INSERT INTO MealCarbohydrateOption(MealId, CarbohydrateOptionId) VALUES(413, 1)
INSERT INTO MealCarbohydrateOption(MealId, CarbohydrateOptionId) VALUES(413, 10)
INSERT INTO MealCarbohydrateOption(MealId, CarbohydrateOptionId) VALUES(414, 6)
INSERT INTO MealCarbohydrateOption(MealId, CarbohydrateOptionId) VALUES(414, 1)
INSERT INTO MealCarbohydrateOption(MealId, CarbohydrateOptionId) VALUES(414, 10)
INSERT INTO MealCarbohydrateOption(MealId, CarbohydrateOptionId) VALUES(415, 6)
INSERT INTO MealCarbohydrateOption(MealId, CarbohydrateOptionId) VALUES(415, 1)
INSERT INTO MealCarbohydrateOption(MealId, CarbohydrateOptionId) VALUES(415, 10)

-- indonesian meals
INSERT INTO Meal(Id, Name, Description, CuisineId, PreperationTimeId) VALUES(501, 'Nasi Gorang', null, 6, 2)

INSERT INTO MealProteinOption(MealId, ProteinOptionId) VALUES(501, 8)
INSERT INTO MealProteinOption(MealId, ProteinOptionId) VALUES(501, 12)

INSERT INTO MealCarbohydrateOption(MealId, CarbohydrateOptionId) VALUES(501, 8)

-- italian meals
INSERT INTO Meal(Id, Name, Description, CuisineId, PreperationTimeId) VALUES(601, 'Spag Bol', null, 7, 2)
INSERT INTO Meal(Id, Name, Description, CuisineId, PreperationTimeId) VALUES(602, 'Veggie Spag Bol', null, 7, 2)
INSERT INTO Meal(Id, Name, Description, CuisineId, PreperationTimeId) VALUES(603, 'Lentil Spag Bol', null, 7, 2)
INSERT INTO Meal(Id, Name, Description, CuisineId, PreperationTimeId) VALUES(604, 'Ligurian Linguine', null, 7, 1)
INSERT INTO Meal(Id, Name, Description, CuisineId, PreperationTimeId) VALUES(605, 'Lasagne', null, 7, 3)
INSERT INTO Meal(Id, Name, Description, CuisineId, PreperationTimeId) VALUES(606, 'Veggie Lasagne', null, 7, 3)
INSERT INTO Meal(Id, Name, Description, CuisineId, PreperationTimeId) VALUES(607, 'Camping Pasta', null, 7, 1)
INSERT INTO Meal(Id, Name, Description, CuisineId, PreperationTimeId) VALUES(608, 'Pizza', null, 7, 3)
INSERT INTO Meal(Id, Name, Description, CuisineId, PreperationTimeId) VALUES(609, 'Courgette Pasta Base', null, 7, 3)
INSERT INTO Meal(Id, Name, Description, CuisineId, PreperationTimeId) VALUES(610, 'Courgette Risotto', null, 7, 2)
INSERT INTO Meal(Id, Name, Description, CuisineId, PreperationTimeId) VALUES(611, 'Roast Veg Risotto', null, 7, 2)
INSERT INTO Meal(Id, Name, Description, CuisineId, PreperationTimeId) VALUES(612, 'Aubergine & Rigatoni', null, 7, 2)
INSERT INTO Meal(Id, Name, Description, CuisineId, PreperationTimeId) VALUES(613, 'Veggie Pasta Bake', null, 7, 3)
INSERT INTO Meal(Id, Name, Description, CuisineId, PreperationTimeId) VALUES(614, 'Linguine with cherry toms and mozzerella', null, 7, 1)
INSERT INTO Meal(Id, Name, Description, CuisineId, PreperationTimeId) VALUES(615, 'Linguine with Courgette Ribbons', null, 7, 1)
INSERT INTO Meal(Id, Name, Description, CuisineId, PreperationTimeId) VALUES(616, 'Hunters Chicken', null, 7, 3)
INSERT INTO Meal(Id, Name, Description, CuisineId, PreperationTimeId) VALUES(617, 'Stuffed Pasta', null, 7, 1)
INSERT INTO Meal(Id, Name, Description, CuisineId, PreperationTimeId) VALUES(618, 'Penne con Zucca', null, 7, 2)
INSERT INTO Meal(Id, Name, Description, CuisineId, PreperationTimeId) VALUES(619, 'Spag & Meat Balls', null, 7, 1)
INSERT INTO Meal(Id, Name, Description, CuisineId, PreperationTimeId) VALUES(620, 'Spag & Veggie Balls', null, 7, 1)
INSERT INTO Meal(Id, Name, Description, CuisineId, PreperationTimeId) VALUES(621, 'Spag carbonara', null, 7, 1)

INSERT INTO MealProteinOption(MealId, ProteinOptionId) VALUES(601, 1)
INSERT INTO MealProteinOption(MealId, ProteinOptionId) VALUES(601, 6)
INSERT INTO MealProteinOption(MealId, ProteinOptionId) VALUES(602, 9)
INSERT INTO MealProteinOption(MealId, ProteinOptionId) VALUES(603, 13)
INSERT INTO MealProteinOption(MealId, ProteinOptionId) VALUES(604, 14)
INSERT INTO MealProteinOption(MealId, ProteinOptionId) VALUES(605, 1)
INSERT INTO MealProteinOption(MealId, ProteinOptionId) VALUES(605, 6)
INSERT INTO MealProteinOption(MealId, ProteinOptionId) VALUES(606, 9)
INSERT INTO MealProteinOption(MealId, ProteinOptionId) VALUES(607, 2)
INSERT INTO MealProteinOption(MealId, ProteinOptionId) VALUES(608, 2)
INSERT INTO MealProteinOption(MealId, ProteinOptionId) VALUES(608, 7)
INSERT INTO MealProteinOption(MealId, ProteinOptionId) VALUES(609, 2)
INSERT INTO MealProteinOption(MealId, ProteinOptionId) VALUES(610, 2)
INSERT INTO MealProteinOption(MealId, ProteinOptionId) VALUES(611, 2)
INSERT INTO MealProteinOption(MealId, ProteinOptionId) VALUES(612, 14)
INSERT INTO MealProteinOption(MealId, ProteinOptionId) VALUES(613, 14)
INSERT INTO MealProteinOption(MealId, ProteinOptionId) VALUES(614, 2)
INSERT INTO MealProteinOption(MealId, ProteinOptionId) VALUES(615, 14)
INSERT INTO MealProteinOption(MealId, ProteinOptionId) VALUES(616, 3)
INSERT INTO MealProteinOption(MealId, ProteinOptionId) VALUES(617, 2)
INSERT INTO MealProteinOption(MealId, ProteinOptionId) VALUES(617, 7)
INSERT INTO MealProteinOption(MealId, ProteinOptionId) VALUES(617, 14)
INSERT INTO MealProteinOption(MealId, ProteinOptionId) VALUES(618, 14)
INSERT INTO MealProteinOption(MealId, ProteinOptionId) VALUES(619, 1)
INSERT INTO MealProteinOption(MealId, ProteinOptionId) VALUES(619, 6)
INSERT INTO MealProteinOption(MealId, ProteinOptionId) VALUES(620, 9)
INSERT INTO MealProteinOption(MealId, ProteinOptionId) VALUES(621, 12)

INSERT INTO MealCarbohydrateOption(MealId, CarbohydrateOptionId) VALUES(601, 4)
INSERT INTO MealCarbohydrateOption(MealId, CarbohydrateOptionId) VALUES(601, 11)
INSERT INTO MealCarbohydrateOption(MealId, CarbohydrateOptionId) VALUES(602, 4)
INSERT INTO MealCarbohydrateOption(MealId, CarbohydrateOptionId) VALUES(602, 11)
INSERT INTO MealCarbohydrateOption(MealId, CarbohydrateOptionId) VALUES(603, 4)
INSERT INTO MealCarbohydrateOption(MealId, CarbohydrateOptionId) VALUES(603, 11)
INSERT INTO MealCarbohydrateOption(MealId, CarbohydrateOptionId) VALUES(604, 4)
INSERT INTO MealCarbohydrateOption(MealId, CarbohydrateOptionId) VALUES(604, 11)
INSERT INTO MealCarbohydrateOption(MealId, CarbohydrateOptionId) VALUES(605, 4)
INSERT INTO MealCarbohydrateOption(MealId, CarbohydrateOptionId) VALUES(606, 4)
INSERT INTO MealCarbohydrateOption(MealId, CarbohydrateOptionId) VALUES(607, 4)
INSERT INTO MealCarbohydrateOption(MealId, CarbohydrateOptionId) VALUES(608, 1)
INSERT INTO MealCarbohydrateOption(MealId, CarbohydrateOptionId) VALUES(609, 4)
INSERT INTO MealCarbohydrateOption(MealId, CarbohydrateOptionId) VALUES(610, 8)
INSERT INTO MealCarbohydrateOption(MealId, CarbohydrateOptionId) VALUES(611, 8)
INSERT INTO MealCarbohydrateOption(MealId, CarbohydrateOptionId) VALUES(612, 4)
INSERT INTO MealCarbohydrateOption(MealId, CarbohydrateOptionId) VALUES(612, 11)
INSERT INTO MealCarbohydrateOption(MealId, CarbohydrateOptionId) VALUES(613, 4)
INSERT INTO MealCarbohydrateOption(MealId, CarbohydrateOptionId) VALUES(614, 4)
INSERT INTO MealCarbohydrateOption(MealId, CarbohydrateOptionId) VALUES(615, 4)
INSERT INTO MealCarbohydrateOption(MealId, CarbohydrateOptionId) VALUES(616, 4)
INSERT INTO MealCarbohydrateOption(MealId, CarbohydrateOptionId) VALUES(616, 6)
INSERT INTO MealCarbohydrateOption(MealId, CarbohydrateOptionId) VALUES(617, 4)
INSERT INTO MealCarbohydrateOption(MealId, CarbohydrateOptionId) VALUES(618, 4)
INSERT INTO MealCarbohydrateOption(MealId, CarbohydrateOptionId) VALUES(618, 11)
INSERT INTO MealCarbohydrateOption(MealId, CarbohydrateOptionId) VALUES(619, 4)
INSERT INTO MealCarbohydrateOption(MealId, CarbohydrateOptionId) VALUES(619, 11)
INSERT INTO MealCarbohydrateOption(MealId, CarbohydrateOptionId) VALUES(620, 4)
INSERT INTO MealCarbohydrateOption(MealId, CarbohydrateOptionId) VALUES(620, 11)
INSERT INTO MealCarbohydrateOption(MealId, CarbohydrateOptionId) VALUES(621, 4)

-- mexican meals
INSERT INTO Meal(Id, Name, Description, CuisineId, PreperationTimeId) VALUES(701, 'Cajun Meat Balls', null, 8, 1)
INSERT INTO Meal(Id, Name, Description, CuisineId, PreperationTimeId) VALUES(702, 'Cajun Veggie Balls', null, 8, 1)
INSERT INTO Meal(Id, Name, Description, CuisineId, PreperationTimeId) VALUES(703, 'Jambalaya', null, 8, 2)
INSERT INTO Meal(Id, Name, Description, CuisineId, PreperationTimeId) VALUES(704, 'Veggie Jambalaya', null, 8, 2)
INSERT INTO Meal(Id, Name, Description, CuisineId, PreperationTimeId) VALUES(705, 'Veg Chilli', null, 8, 2)
INSERT INTO Meal(Id, Name, Description, CuisineId, PreperationTimeId) VALUES(706, 'Fish Finger Tacos', null, 8, 1)
INSERT INTO Meal(Id, Name, Description, CuisineId, PreperationTimeId) VALUES(707, 'Moms chilli pop pie', null, 8, 2)
INSERT INTO Meal(Id, Name, Description, CuisineId, PreperationTimeId) VALUES(708, 'Chicken Tinga Tacos', null, 8, 2)
INSERT INTO Meal(Id, Name, Description, CuisineId, PreperationTimeId) VALUES(709, 'Quorn Tinga Tacos', null, 8, 2)
INSERT INTO Meal(Id, Name, Description, CuisineId, PreperationTimeId) VALUES(710, 'Taco Night', null, 8, 3)
INSERT INTO Meal(Id, Name, Description, CuisineId, PreperationTimeId) VALUES(711, 'Carnitas', null, 8, 3)
INSERT INTO Meal(Id, Name, Description, CuisineId, PreperationTimeId) VALUES(712, 'Beef Barbacoa', null, 8, 3)
INSERT INTO Meal(Id, Name, Description, CuisineId, PreperationTimeId) VALUES(713, 'Quesadilla', null, 8, 1)

INSERT INTO MealProteinOption(MealId, ProteinOptionId) VALUES(701, 1)
INSERT INTO MealProteinOption(MealId, ProteinOptionId) VALUES(701, 6)
INSERT INTO MealProteinOption(MealId, ProteinOptionId) VALUES(702, 9)
INSERT INTO MealProteinOption(MealId, ProteinOptionId) VALUES(703, 3)
INSERT INTO MealProteinOption(MealId, ProteinOptionId) VALUES(703, 7)
INSERT INTO MealProteinOption(MealId, ProteinOptionId) VALUES(704, 10)
INSERT INTO MealProteinOption(MealId, ProteinOptionId) VALUES(704, 11)
INSERT INTO MealProteinOption(MealId, ProteinOptionId) VALUES(705, 13)
INSERT INTO MealProteinOption(MealId, ProteinOptionId) VALUES(706, 4)
INSERT INTO MealProteinOption(MealId, ProteinOptionId) VALUES(707, 13)
INSERT INTO MealProteinOption(MealId, ProteinOptionId) VALUES(708, 3)
INSERT INTO MealProteinOption(MealId, ProteinOptionId) VALUES(709, 10)
INSERT INTO MealProteinOption(MealId, ProteinOptionId) VALUES(710, 1)
INSERT INTO MealProteinOption(MealId, ProteinOptionId) VALUES(710, 2)
INSERT INTO MealProteinOption(MealId, ProteinOptionId) VALUES(710, 3)
INSERT INTO MealProteinOption(MealId, ProteinOptionId) VALUES(710, 4)
INSERT INTO MealProteinOption(MealId, ProteinOptionId) VALUES(710, 6)
INSERT INTO MealProteinOption(MealId, ProteinOptionId) VALUES(710, 9)
INSERT INTO MealProteinOption(MealId, ProteinOptionId) VALUES(710, 10)
INSERT INTO MealProteinOption(MealId, ProteinOptionId) VALUES(710, 13)
INSERT INTO MealProteinOption(MealId, ProteinOptionId) VALUES(711, 6)
INSERT INTO MealProteinOption(MealId, ProteinOptionId) VALUES(712, 1)
INSERT INTO MealProteinOption(MealId, ProteinOptionId) VALUES(713, 2)

INSERT INTO MealCarbohydrateOption(MealId, CarbohydrateOptionId) VALUES(701, 8)
INSERT INTO MealCarbohydrateOption(MealId, CarbohydrateOptionId) VALUES(702, 8)
INSERT INTO MealCarbohydrateOption(MealId, CarbohydrateOptionId) VALUES(703, 8)
INSERT INTO MealCarbohydrateOption(MealId, CarbohydrateOptionId) VALUES(704, 8)
INSERT INTO MealCarbohydrateOption(MealId, CarbohydrateOptionId) VALUES(705, 8)
INSERT INTO MealCarbohydrateOption(MealId, CarbohydrateOptionId) VALUES(705, 9)
INSERT INTO MealCarbohydrateOption(MealId, CarbohydrateOptionId) VALUES(706, 9)
INSERT INTO MealCarbohydrateOption(MealId, CarbohydrateOptionId) VALUES(707, 6)
INSERT INTO MealCarbohydrateOption(MealId, CarbohydrateOptionId) VALUES(708, 9)
INSERT INTO MealCarbohydrateOption(MealId, CarbohydrateOptionId) VALUES(709, 9)
INSERT INTO MealCarbohydrateOption(MealId, CarbohydrateOptionId) VALUES(710, 9)
INSERT INTO MealCarbohydrateOption(MealId, CarbohydrateOptionId) VALUES(711, 9)
INSERT INTO MealCarbohydrateOption(MealId, CarbohydrateOptionId) VALUES(712, 9)
INSERT INTO MealCarbohydrateOption(MealId, CarbohydrateOptionId) VALUES(713, 9)

-- moroccan meals
INSERT INTO Meal(Id, Name, Description, CuisineId, PreperationTimeId) VALUES(801, 'Chickpea Tagine', null, 9, 2)

INSERT INTO MealProteinOption(MealId, ProteinOptionId) VALUES(801, 13)

INSERT INTO MealCarbohydrateOption(MealId, CarbohydrateOptionId) VALUES(801, 2)

-- pusian meals
INSERT INTO Meal(Id, Name, Description, CuisineId, PreperationTimeId) VALUES(901, 'Afgan Carrot Hotpot', null, 10, 2)

INSERT INTO MealProteinOption(MealId, ProteinOptionId) VALUES(901, 13)

INSERT INTO MealCarbohydrateOption(MealId, CarbohydrateOptionId) VALUES(901, 13)

-- spanish meals
INSERT INTO Meal(Id, Name, Description, CuisineId, PreperationTimeId) VALUES(1001, 'Paella', null, 11, 2)
INSERT INTO Meal(Id, Name, Description, CuisineId, PreperationTimeId) VALUES(1002, 'Veggie Paella', null, 11, 2)
INSERT INTO Meal(Id, Name, Description, CuisineId, PreperationTimeId) VALUES(1003, 'Chicken Tray Bake', null, 11, 3)
INSERT INTO Meal(Id, Name, Description, CuisineId, PreperationTimeId) VALUES(1004, 'Sausage Caserole', null, 11, 2)
INSERT INTO Meal(Id, Name, Description, CuisineId, PreperationTimeId) VALUES(1005, 'Veggie Sausage Caserole', null, 11, 2)
INSERT INTO Meal(Id, Name, Description, CuisineId, PreperationTimeId) VALUES(1006, 'Poached Fish with Chorizo Stew', null, 11, 2)
INSERT INTO Meal(Id, Name, Description, CuisineId, PreperationTimeId) VALUES(1007, 'Tapas Night', null, 11, 3)

INSERT INTO MealProteinOption(MealId, ProteinOptionId) VALUES(1001, 3)
INSERT INTO MealProteinOption(MealId, ProteinOptionId) VALUES(1001, 4)
INSERT INTO MealProteinOption(MealId, ProteinOptionId) VALUES(1001, 7)
INSERT INTO MealProteinOption(MealId, ProteinOptionId) VALUES(1002, 10)
INSERT INTO MealProteinOption(MealId, ProteinOptionId) VALUES(1002, 11)
INSERT INTO MealProteinOption(MealId, ProteinOptionId) VALUES(1003, 3)
INSERT INTO MealProteinOption(MealId, ProteinOptionId) VALUES(1003, 7)
INSERT INTO MealProteinOption(MealId, ProteinOptionId) VALUES(1004, 7)
INSERT INTO MealProteinOption(MealId, ProteinOptionId) VALUES(1005, 11)
INSERT INTO MealProteinOption(MealId, ProteinOptionId) VALUES(1006, 4)
INSERT INTO MealProteinOption(MealId, ProteinOptionId) VALUES(1006, 7)
INSERT INTO MealProteinOption(MealId, ProteinOptionId) VALUES(1007, 1)
INSERT INTO MealProteinOption(MealId, ProteinOptionId) VALUES(1007, 2)
INSERT INTO MealProteinOption(MealId, ProteinOptionId) VALUES(1007, 3)
INSERT INTO MealProteinOption(MealId, ProteinOptionId) VALUES(1007, 4)
INSERT INTO MealProteinOption(MealId, ProteinOptionId) VALUES(1007, 6)
INSERT INTO MealProteinOption(MealId, ProteinOptionId) VALUES(1007, 7)
INSERT INTO MealProteinOption(MealId, ProteinOptionId) VALUES(1007, 10)
INSERT INTO MealProteinOption(MealId, ProteinOptionId) VALUES(1007, 11)
INSERT INTO MealProteinOption(MealId, ProteinOptionId) VALUES(1007, 12)
INSERT INTO MealProteinOption(MealId, ProteinOptionId) VALUES(1007, 13)

INSERT INTO MealCarbohydrateOption(MealId, CarbohydrateOptionId) VALUES(1001, 8)
INSERT INTO MealCarbohydrateOption(MealId, CarbohydrateOptionId) VALUES(1002, 8)
INSERT INTO MealCarbohydrateOption(MealId, CarbohydrateOptionId) VALUES(1003, 6)
INSERT INTO MealCarbohydrateOption(MealId, CarbohydrateOptionId) VALUES(1003, 7)
INSERT INTO MealCarbohydrateOption(MealId, CarbohydrateOptionId) VALUES(1004, 8)
INSERT INTO MealCarbohydrateOption(MealId, CarbohydrateOptionId) VALUES(1004, 1)
INSERT INTO MealCarbohydrateOption(MealId, CarbohydrateOptionId) VALUES(1005, 8)
INSERT INTO MealCarbohydrateOption(MealId, CarbohydrateOptionId) VALUES(1005, 1)
INSERT INTO MealCarbohydrateOption(MealId, CarbohydrateOptionId) VALUES(1006, 8)
INSERT INTO MealCarbohydrateOption(MealId, CarbohydrateOptionId) VALUES(1006, 1)
INSERT INTO MealCarbohydrateOption(MealId, CarbohydrateOptionId) VALUES(1007, 8)
INSERT INTO MealCarbohydrateOption(MealId, CarbohydrateOptionId) VALUES(1007, 1)
INSERT INTO MealCarbohydrateOption(MealId, CarbohydrateOptionId) VALUES(1007, 6)
INSERT INTO MealCarbohydrateOption(MealId, CarbohydrateOptionId) VALUES(1007, 7)
INSERT INTO MealCarbohydrateOption(MealId, CarbohydrateOptionId) VALUES(1007, 5)

-- Thai meals
INSERT INTO Meal(Id, Name, Description, CuisineId, PreperationTimeId) VALUES(1101, 'Thai Chicken Curry', null, 12, 2)
INSERT INTO Meal(Id, Name, Description, CuisineId, PreperationTimeId) VALUES(1102, 'Thai Tofu Curry', null, 12, 2)
INSERT INTO Meal(Id, Name, Description, CuisineId, PreperationTimeId) VALUES(1103, 'Tofu Pad Thai', null, 12, 2)
INSERT INTO Meal(Id, Name, Description, CuisineId, PreperationTimeId) VALUES(1104, 'Prawn Pad Thai', null, 12, 2)
INSERT INTO Meal(Id, Name, Description, CuisineId, PreperationTimeId) VALUES(1105, 'Chicken Pad Thai', null, 12, 2)
INSERT INTO Meal(Id, Name, Description, CuisineId, PreperationTimeId) VALUES(1106, 'Satay Tofu noodles and Brocbroc', null, 12, 2)


INSERT INTO MealProteinOption(MealId, ProteinOptionId) VALUES(1101, 3)
INSERT INTO MealProteinOption(MealId, ProteinOptionId) VALUES(1102, 8)
INSERT INTO MealProteinOption(MealId, ProteinOptionId) VALUES(1103, 8)
INSERT INTO MealProteinOption(MealId, ProteinOptionId) VALUES(1104, 4)
INSERT INTO MealProteinOption(MealId, ProteinOptionId) VALUES(1105, 3)
INSERT INTO MealProteinOption(MealId, ProteinOptionId) VALUES(1106, 8)

INSERT INTO MealCarbohydrateOption(MealId, CarbohydrateOptionId) VALUES(1101, 8)
INSERT INTO MealCarbohydrateOption(MealId, CarbohydrateOptionId) VALUES(1101, 3)
INSERT INTO MealCarbohydrateOption(MealId, CarbohydrateOptionId) VALUES(1101, 12)
INSERT INTO MealCarbohydrateOption(MealId, CarbohydrateOptionId) VALUES(1102, 8)
INSERT INTO MealCarbohydrateOption(MealId, CarbohydrateOptionId) VALUES(1102, 3)
INSERT INTO MealCarbohydrateOption(MealId, CarbohydrateOptionId) VALUES(1102, 12)
INSERT INTO MealCarbohydrateOption(MealId, CarbohydrateOptionId) VALUES(1103, 3)
INSERT INTO MealCarbohydrateOption(MealId, CarbohydrateOptionId) VALUES(1104, 3)
INSERT INTO MealCarbohydrateOption(MealId, CarbohydrateOptionId) VALUES(1105, 3)
INSERT INTO MealCarbohydrateOption(MealId, CarbohydrateOptionId) VALUES(1106, 3)
INSERT INTO MealCarbohydrateOption(MealId, CarbohydrateOptionId) VALUES(1106, 12)

SET IDENTITY_INSERT Meal OFF